{"mel_mean": -5.5181403160095215, "mel_std": 2.0644009113311768}